Categoría,Género,Perfume,Inspirado en,3ML,5ML,10ML,30ML,Imagen
Diseñador Hombre,Hombre,212 VIP Black,Original,90,140,255,750,imagenes/212-vip-black.jpg
Diseñador Hombre,Hombre,Acqua Di Gio Profondo Parfum,Original,110,170,315,920,imagenes/acqua-di-gio-profondo-parfum.jpg
Diseñador Hombre,Hombre,Bharara King,Xerjoff Erba Pura,70,105,190,560,imagenes/bharara-king.jpg
Diseñador Hombre,Hombre,CK Be,Original,50,75,135,315,imagenes/ck-be.jpg
Diseñador Hombre,Hombre,CK One EDT,Original,40,60,105,390,imagenes/ck-one-edt.jpg
Diseñador Hombre,Hombre,CK One Shock,Original,50,75,135,385,imagenes/ck-one-shock.jpg
Diseñador Hombre,Hombre,Dolce Gabbana Capri,Original,70,105,195,570,imagenes/dolce-gabbana-capri.jpg
Diseñador Hombre,Hombre,Dylan Blue,Original,65,95,175,515,imagenes/dylan-blue.jpg
Diseñador Hombre,Hombre,Invictus Victory Elixir,Original,70,110,200,695,imagenes/invictus-victory-elixir.jpg
Diseñador Hombre,Hombre,K by Dolce & Gabbana,Original,60,90,165,505,imagenes/k-by-dolce-gabbana.jpg
Diseñador Hombre,Hombre,Legend Spirit,Original,50,75,135,440,imagenes/legend-spirit.jpg
Diseñador Hombre,Hombre,Light Blue DOLCE GABANNA,Original,55,85,155,450,imagenes/light-blue-dolce-gabanna.jpg
Diseñador Hombre,Hombre,Nautica Voyage,Original,35,55,100,390,imagenes/nautica-voyage.jpg
Diseñador Hombre,Hombre,One Million,Original,95,145,265,885,imagenes/one-million.jpg
Diseñador Hombre,Hombre,Toy Boy Moschino,Original,65,100,180,540,imagenes/toy-boy-moschino.jpg
Diseñador Hombre,Hombre,Versace Eros EDT,Original,55,85,155,480,imagenes/versace-eros-edt.jpg
Diseñador Hombre,Hombre,Versace Eros Energy,Original,85,135,245,720,imagenes/versace-eros-energy.jpg
Diseñador Hombre,Hombre,YSL Y EDT,Original,115,175,325,200,imagenes/ysl-y-edt.jpg
Mujer,Mujer,9PM Femme,Aroma femenino moderno,45,70,130,375,imagenes/9pm-femme.jpg
Mujer,Mujer,Afnan 9 AM Femme,Ariana Grande Cloud,55,80,150,410,imagenes/afnan-9-am-femme.jpg
Mujer,Mujer,Antonio Banderas,Original,45,70,130,335,imagenes/antonio-banderas.jpg
Mujer,Mujer,Ariana Grande Cloud,Original,70,105,190,355,imagenes/ariana-grande-cloud.jpg
Mujer,Mujer,Bharara Extradose Woman,Valentino Donna Born in Roma,55,80,150,430,imagenes/bharara-extradose-woman.jpg
Mujer,Mujer,Club de Nuit Untold,Baccarat Rouge 540,60,95,170,470,imagenes/club-de-nuit-untold.jpg
Mujer,Mujer,Club de Nuit Woman,Chanel Coco Mademoiselle,60,90,165,450,imagenes/club-de-nuit-woman.jpg
Mujer,Mujer,Hayaati Florence,Floral elegante,50,75,135,375,imagenes/hayaati-florence.jpg
Mujer,Mujer,Hayaati Gold Elixir,Aroma femenino dorado,45,65,120,200,imagenes/hayaati-gold-elixir.jpg
Mujer,Mujer,Katy Perry,Original,45,70,130,480,imagenes/katy-perry.jpg
Mujer,Mujer,Light Blue Mujer,Light Blue Women,60,90,165,410,imagenes/light-blue-mujer.jpg
Mujer,Mujer,Odyssey Candee,Prada Candy,50,75,135,390,imagenes/odyssey-candee.jpg
Mujer,Mujer,Opulent Dubai,Aroma árabe dulce,50,75,135,390,imagenes/opulent-dubai.jpg
Mujer,Mujer,Rasasi Woman,Original,40,65,115,390,imagenes/rasasi-woman.jpg
Mujer,Mujer,Yara Candy,Gourmand dulce,45,70,130,375,imagenes/yara-candy.jpg
Mujer,Mujer,Yara Elixir,Gourmand moderno,55,85,155,545,imagenes/yara-elixir.jpg
Mujer,Mujer,Yara Moi,Floral cremoso,50,75,135,390,imagenes/yara-moi.jpg
Mujer,Mujer,Yara Rosa,Floral afrutado,50,80,145,430,imagenes/yara-rosa.jpg
Mujer,Mujer,Yara Tous,Tropical de mango,50,80,145,485,imagenes/yara-tous.jpg
Árabes Hombre,Hombre,9AM Dive,Bleu de Chanel,55,80,150,430,imagenes/9am-dive.jpg
Árabes Hombre,Hombre,9PM Black,Ultra Male,55,80,150,430,imagenes/9pm-black.jpg
Árabes Hombre,Hombre,9PM Elixir,Le Male Elixir,60,95,170,485,imagenes/9pm-elixir.jpg
Árabes Hombre,Hombre,9PM Night Out,Ultra Male,65,95,175,505,imagenes/9pm-night-out.jpg
Árabes Hombre,Hombre,9PM Rebel,Dulce moderno,60,95,170,485,imagenes/9pm-rebel.jpg
Árabes Hombre,Hombre,Art Of Universe,Louis Vuitton Imagination,60,90,165,470,imagenes/art-of-universe.jpg
Árabes Hombre,Hombre,Asad,Dior Sauvage Elixir,50,75,135,390,imagenes/asad.jpg
Árabes Hombre,Hombre,Bharara Rome Extradose Homme,Valentino Uomo Born in Roma,50,80,145,430,imagenes/bharara-rome-extradose-homme.jpg
Árabes Hombre,Hombre,Bharara Rome Pour Homme,Estilo azul moderno,50,80,145,415,imagenes/bharara-rome-pour-homme.jpg
Árabes Hombre,Hombre,Club de Nuit Iconic,Bleu de Chanel,60,90,165,470,imagenes/club-de-nuit-iconic.jpg
Árabes Hombre,Hombre,Club de Nuit Intense,Creed Aventus,55,80,150,430,imagenes/club-de-nuit-intense.jpg
Árabes Hombre,Hombre,Club de Nuit Untold,Baccarat Rouge 540,55,85,160,470,imagenes/club-de-nuit-untold.jpg
Árabes Hombre,Hombre,Fakhar,YSL Y,55,85,155,505,imagenes/fakhar.jpg
Árabes Hombre,Hombre,Hayaati,Invictus,40,65,115,335,imagenes/hayaati.jpg
Árabes Hombre,Hombre,Hawas Black,Aroma masculino intenso,55,80,150,455,imagenes/hawas-black-2.jpg
Árabes Hombre,Hombre,Hawas Black,Aroma masculino intenso,55,80,150,430,imagenes/hawas-black-2.jpg
Árabes Hombre,Hombre,Hawas Cobra,Louis Vuitton Imagination,65,95,175,530,imagenes/hawas-cobra.jpg
Árabes Hombre,Hombre,Hawas Elixir,Le Male Elixir,60,95,170,450,imagenes/hawas-elixir.jpg
Árabes Hombre,Hombre,Hawas Fire,Spicebomb Extreme,60,95,170,485,imagenes/hawas-fire.jpg
Árabes Hombre,Hombre,Hawas For Him,Invictus,60,90,165,485,imagenes/hawas-for-him.jpg
Árabes Hombre,Hombre,Hawas Ice,Invictus Absolu,60,90,170,485,imagenes/hawas-ice.jpg
Árabes Hombre,Hombre,Hawas Malibu,Le Beau Le Parfum / Paradise Garden,65,100,185,535,imagenes/hawas-malibu.jpg
Árabes Hombre,Hombre,Hawas Tropical,Aroma tropical fresco,65,100,190,580,imagenes/hawas-tropical.jpg
Árabes Hombre,Hombre,Honor & Glory,Nishane Ani,50,75,135,410,imagenes/honor-glory.jpg
Árabes Hombre,Hombre,Khamrah,Angels' Share,55,80,150,430,imagenes/khamrah.jpg
Árabes Hombre,Hombre,Mandarin Sky,Scandal Pour Homme,50,80,145,415,imagenes/mandarin-sky.jpg
Árabes Hombre,Hombre,Mandarin Sky Elixir,Scandal Absolu,60,95,170,485,imagenes/mandarin-sky-elixir.jpg
Árabes Hombre,Hombre,Najdia Intense,Le Beau,40,65,115,355,imagenes/najdia-intense.jpg
Árabes Hombre,Hombre,Odyssey Aqua,Invictus,45,70,125,375,imagenes/odyssey-aqua.jpg
Árabes Hombre,Hombre,Odyssey Artisto,Le Beau,55,80,150,430,imagenes/odyssey-artisto.jpg
Árabes Hombre,Hombre,Odyssey Bahamas,Aroma tropical fresco,55,85,155,355,imagenes/odyssey-bahamas.jpg
Árabes Hombre,Hombre,Odyssey Dubai Chocolat,Chocolate gourmand,45,65,120,200,imagenes/odyssey-dubai-chocolat.jpg
Árabes Hombre,Hombre,Odyssey Go Mango,Mango tropical,60,90,165,470,imagenes/odyssey-go-mango.jpg
Árabes Hombre,Hombre,Odyssey Homme Black,Tom Ford Noir Extreme,45,70,125,370,imagenes/odyssey-homme-black.jpg
Árabes Hombre,Hombre,Odyssey Limoni,Dior Homme Cologne,55,80,150,430,imagenes/odyssey-limoni.jpg
Árabes Hombre,Hombre,Odyssey Mega,Megamare,45,70,130,390,imagenes/odyssey-mega.jpg
Árabes Hombre,Hombre,Odyssey Toffee Coffee,Toffee y café gourmand,55,80,150,450,imagenes/odyssey-toffee-coffee.jpg
Árabes Hombre,Hombre,Odyssey White,Stronger With You,50,75,135,390,imagenes/odyssey-white.jpg
Árabes Hombre,Hombre,Ramz Gold,Oriental dulce,45,65,120,370,imagenes/ramz-gold.jpg
Árabes Hombre,Hombre,Ramz Silver,Ultra Male,45,65,120,355,imagenes/ramz-silver.jpg
Árabes Hombre,Hombre,Riffs Freeze,Aroma fresco intenso,70,110,205,430,imagenes/riffs-freeze.jpg
Árabes Hombre,Hombre,Salvo,Dior Sauvage,40,60,110,335,imagenes/salvo.jpg
Árabes Hombre,Hombre,Supremacy Silver,Creed Aventus,50,75,135,390,imagenes/supremacy-silver.jpg
Árabes Hombre,Hombre,Victorioso Myth,Invictus Legend,40,65,115,335,imagenes/victorioso-myth.jpg
Árabes Hombre,Hombre,Vintage Radio,Initio Paragon,60,95,170,485,imagenes/vintage-radio.jpg
